,X_r,Decision,best_r_quality,top_quality,OC,mean_input,P5_input,P95_input,KG,DL,HP_names,HP_vars,file_number
0,[39.2993899],False,73.88885766488094,73.89196795766347,0.003110292782523061,[39.80462713 13.56006792],[36.98105737  3.11361716],[42.05660344 41.48776346],"[array([[49.63896654, 45.09898859,  7.36583847]]), 1.9946090166261001]","[0, 0.027839186892379287]","['rbf.variance', 'rbf.lengthscale', 'Gaussian_noise.variance']","[1.00005003e+04 5.03341179e+01 2.78448089e+01 6.66666667e+01
 9.99990205e-03]",1
1,[44.18206394],False,66.76763152287562,73.89196795766347,7.12433643478785,[40.10799279 15.41043213],[37.61928307  2.9600685 ],[42.52186359 49.79744868],"[array([[ 1.1948172 , 37.45940491,  6.99424227]]), 0.3557832169555297]","[0, 0.018910611683825948]","['rbf.variance', 'rbf.lengthscale', 'Gaussian_noise.variance']","[1.07009113e+04 5.05550467e+01 3.14829912e+01 6.66666667e+01
 2.50050000e+00]",1
2,[43.06567684],False,69.40724027942095,73.89196795766347,4.484727678242521,[40.14568448 15.6022033 ],[38.0052979  3.0063568],[42.42863475 45.38556938],"[array([[11.26335317, 42.32256218, 35.69648054]]), 0.13549871839371264]","[0, 0.005465757037351346]","['rbf.variance', 'rbf.lengthscale', 'Gaussian_noise.variance']","[1.15665972e+04 5.19150896e+01 3.29537796e+01 6.66666667e+01
 2.50050000e+00]",1
3,[42.37351097],False,70.80783670410858,73.89196795766347,3.0841312535548866,[40.04164676 13.74360719],[37.81757813  3.02084463],[42.94649219 36.18491798],"[array([[59.56218715, 40.70892493, 14.67044692]]), 0.04419989383021061]","[0, 0.009165690941461866]","['rbf.variance', 'rbf.lengthscale', 'Gaussian_noise.variance']","[1.10247506e+04 5.27686036e+01 3.29886731e+01 6.66666667e+01
 2.50050000e+00]",1
4,[38.42987548],False,73.71630572234157,73.89196795766347,0.1756622353218944,[40.05481236 12.49109743],[37.74146346  3.25201611],[42.77999267 33.16434638],"[array([[95.1056931 , 40.73219678, 12.40678993]]), 0.25332912959687803]","[0, 0.11225292943693073]","['rbf.variance', 'rbf.lengthscale', 'Gaussian_noise.variance']","[1.10219596e+04 4.36242625e+01 3.27304298e+01 6.66666667e+01
 2.50050000e+00]",1
5,[40.23832969],True,73.55556952560973,73.89196795766347,0.3363984320537412,[40.25905033 17.4773518 ],[37.98034858  3.2028321 ],[43.6264108  52.46911802],"[array([[21.42046187, 40.05645051,  9.52041722]]), 0.035970442283066006]","[0, 0.07593868524370051]","['rbf.variance', 'rbf.lengthscale', 'Gaussian_noise.variance']","[8.84013210e+03 3.67766949e+01 3.48227988e+01 6.66666667e+01
 2.50050000e+00]",1
6,[40.14728404],True,73.61217692820068,73.89196795766347,0.27979102946278545,[39.57553866  9.60300096],[37.42237306  3.20740245],[41.47244812 26.73380374],"[array([[20.33210708, 38.75713998,  7.61671811]]), 0.03852582416507033]","[0, 0.08432919271237917]","['rbf.variance', 'rbf.lengthscale', 'Gaussian_noise.variance']","[8.84013297e+03 3.67766894e+01 3.48228084e+01 6.66666667e+01
 2.50050000e+00]",1
7,[40.7807474],True,73.11095392475713,73.89196795766347,0.7810140329063415,[39.74333478  8.1491662 ],[38.27815742  2.33243296],[41.20904898 22.8352122 ],"[array([[22.21757811, 39.4823516 ,  9.10598808]]), 0.04368873597738343]","[0, 0.047394221155852796]","['rbf.variance', 'rbf.lengthscale', 'Gaussian_noise.variance']","[8.84013684e+03 3.67766991e+01 3.48227879e+01 6.66666667e+01
 2.50050000e+00]",1
8,[41.24749428],False,72.5843146010428,73.89196795766347,1.307653356620662,[39.84344048  6.57342622],[38.26386509  2.27375801],[41.60788518 15.26274655],"[array([[23.67203627, 39.45146989,  8.37730423]]), 0.07520502547119179]","[0, 0.026163380198396324]","['rbf.variance', 'rbf.lengthscale', 'Gaussian_noise.variance']","[8.84014963e+03 3.67766887e+01 3.48228234e+01 6.66666667e+01
 2.50050000e+00]",1
9,[39.47435767],False,73.86859096763824,73.89196795766347,0.023376990025226974,[39.94881104  7.10150284],[38.58139612  2.76832784],[41.17574734 18.36945933],"[array([[52.62305879, 37.25365775,  8.36100188]]), 0.03901935013637825]","[0, 0.008915283121830972]","['rbf.variance', 'rbf.lengthscale', 'Gaussian_noise.variance']","[8.78253616e+03 3.60703211e+01 3.56835753e+01 6.66666667e+01
 2.50050000e+00]",1
10,[38.44953853],True,73.72505757307955,73.89196795766347,0.1669103845839146,[40.03427153  7.96036834],[38.48954921  2.07742222],[41.61139715 17.91100547],"[array([[25.09318725, 39.56325785,  4.86427208]]), 0.006047100304819253]","[0, 0.0249845600291648]","['rbf.variance', 'rbf.lengthscale', 'Gaussian_noise.variance']","[8.43985641e+03 3.54710322e+01 3.54569030e+01 6.66666667e+01
 2.50050000e+00]",1
11,[38.55903703],True,73.76982280744768,73.89196795766347,0.1221451502157862,[39.795726    5.26853094],[38.70043838  2.26289567],[40.7846615   9.76238825],"[array([[25.22131826, 39.10988163,  4.95533042]]), 0.01096204078984897]","[0, 0.018699832812589436]","['rbf.variance', 'rbf.lengthscale', 'Gaussian_noise.variance']","[8.43984973e+03 3.54710688e+01 3.54567893e+01 6.66666667e+01
 2.50050000e+00]",1
12,[38.69115245],True,73.81473285342298,73.89196795766347,0.07723510424048641,[39.79367222  4.69579473],[38.60870769  2.45468056],[40.75089168  8.64303114],"[array([[25.56309395, 38.48366847,  4.29968549]]), 0.011427785631433096]","[0, 0.03370074904066285]","['rbf.variance', 'rbf.lengthscale', 'Gaussian_noise.variance']","[8.43986128e+03 3.54710440e+01 3.54568856e+01 6.66666667e+01
 2.50050000e+00]",1
13,[37.53555212],True,73.1012143464412,73.89196795766347,0.7907536112222715,[39.28025907  6.30902412],[38.18250968  3.08867461],[40.53984593 12.24625042],"[array([[75.35655225, 40.9884917 , 14.12143618]]), 0.012941496324195612]","[0, 0.022712880872077228]","['rbf.variance', 'rbf.lengthscale', 'Gaussian_noise.variance']","[8.43995487e+03 3.54710975e+01 3.54569385e+01 6.66666667e+01
 2.50050000e+00]",1
14,[37.85306314],True,73.36631024376543,73.89196795766347,0.5256577138980418,[39.74863234  7.84953255],[38.13995785  4.26412387],[41.03494224 14.74856618],"[array([[77.22188037, 41.51020473, 12.49070086]]), 0.011947679865819794]","[0, 0.01647563722472446]","['rbf.variance', 'rbf.lengthscale', 'Gaussian_noise.variance']","[8.43986546e+03 3.54710801e+01 3.54568593e+01 6.66666667e+01
 2.50050000e+00]",1
15,[38.05866864],True,73.51121798811397,73.89196795766347,0.38074996954949825,[39.70175718  6.72097558],[38.6238256   3.05217444],[40.69560877 12.72754006],"[array([[77.2309146 , 40.70804292, 14.76410289]]), 0.014244843574701349]","[0, 0.027177487332153586]","['rbf.variance', 'rbf.lengthscale', 'Gaussian_noise.variance']","[8.43983083e+03 3.54709339e+01 3.54568872e+01 6.66666667e+01
 2.50050000e+00]",1
16,[38.34912658],True,73.67808640853902,73.89196795766347,0.21388154912445145,[39.95297112  7.09668172],[38.64830136  3.80090127],[41.2916478  12.32328573],"[array([[78.18083054, 40.60207296, 14.6058461 ]]), 0.01284628093002027]","[0, 0.01910758105059102]","['rbf.variance', 'rbf.lengthscale', 'Gaussian_noise.variance']","[8.43982387e+03 3.54710152e+01 3.54568178e+01 6.66666667e+01
 2.50050000e+00]",1
17,[38.49577449],False,73.74478209935509,73.89196795766347,0.14718585830837583,[40.01907126  6.92423803],[38.88281176  3.34558818],[41.0896459  11.71134251],"[array([[24.37512848, 39.58799093,  6.05268592]]), 0.015319588905335024]","[0, 0.013221795863475702]","['rbf.variance', 'rbf.lengthscale', 'Gaussian_noise.variance']","[8.43985765e+03 3.54710317e+01 3.54568257e+01 6.66666667e+01
 2.50050000e+00]",1
18,[38.68480786],True,73.81280616182025,73.89196795766347,0.0791617958432198,[40.11547282  6.52761254],[39.11926497  3.75165359],[41.35695361 11.6935984 ],"[array([[70.97987025, 42.51307202, 14.98342595]]), 0.0024709144640766567]","[0, 0.013758835510020941]","['rbf.variance', 'rbf.lengthscale', 'Gaussian_noise.variance']","[8.29418824e+03 3.44103280e+01 3.55529184e+01 6.66666667e+01
 2.50050000e+00]",1
19,[38.65049851],True,73.8019823033143,73.89196795766347,0.08998565434916372,[40.1187396   6.69959598],[39.08102139  3.60863834],[41.23053447 11.81646856],"[array([[79.43083711, 40.13410038, 13.67847149]]), 0.0018816943423871635]","[0, 0.017975273110218227]","['rbf.variance', 'rbf.lengthscale', 'Gaussian_noise.variance']","[8.29403557e+03 3.44104070e+01 3.55527480e+01 6.66666667e+01
 2.50050000e+00]",1
20,[38.92546279],True,73.86939838200999,73.89196795766347,0.022569575653477614,[40.22422457  6.19964393],[39.35982399  3.4021063 ],[41.13140185  9.93657756],"[array([[78.52162604, 38.81581281, 16.54918589]]), 0.010072508234685529]","[0, 0.010852311039947509]","['rbf.variance', 'rbf.lengthscale', 'Gaussian_noise.variance']","[8.29409844e+03 3.44104199e+01 3.55528447e+01 6.66666667e+01
 2.50050000e+00]",1
21,[39.00765787],True,73.88091230125505,73.89196795766347,0.011055656408416326,[40.22116082  5.81322659],[39.4804507  2.9341032],[41.10563849  9.50291749],"[array([[27.16286946, 38.02701709,  5.99417468]]), 0.002950504948941557]","[0, 0.07369257961863927]","['rbf.variance', 'rbf.lengthscale', 'Gaussian_noise.variance']","[8.29383836e+03 3.44091585e+01 3.55526367e+01 6.66666667e+01
 2.50050000e+00]",1
22,[38.93157215],True,73.87039206605964,73.89196795766347,0.02157589160383111,[40.08981188  5.24223721],[39.3227912   3.01064628],[40.8535945   8.02684491],"[array([[51.57895081, 40.13712128,  6.7437549 ]]), 0.0054588824440315875]","[0, 0.03842595980869775]","['rbf.variance', 'rbf.lengthscale', 'Gaussian_noise.variance']","[8.29402762e+03 3.44104448e+01 3.55527449e+01 6.66666667e+01
 2.50050000e+00]",1
23,[38.6297822],True,73.795118443702,73.89196795766347,0.09684951396147312,[39.97378637  5.78572583],[39.1831917   3.64497943],[40.74296423  9.51514416],"[array([[76.5207012 , 38.80500262, 17.16549512]]), 0.002629795798007706]","[0, 0.009964851058442215]","['rbf.variance', 'rbf.lengthscale', 'Gaussian_noise.variance']","[8.29403908e+03 3.44105037e+01 3.55527801e+01 6.66666667e+01
 2.50050000e+00]",1
24,[38.9145559],True,73.86756996293234,73.89196795766347,0.02439799473113169,[40.1722009   5.89098375],[39.42517861  3.53643933],[40.94511178  9.47450982],"[array([[51.73838401, 40.47310804,  6.84487579]]), 0.0024258392997609235]","[0, 0.015583553238488196]","['rbf.variance', 'rbf.lengthscale', 'Gaussian_noise.variance']","[8.29406268e+03 3.44103855e+01 3.55527543e+01 6.66666667e+01
 2.50050000e+00]",1
25,[38.61094149],False,73.7886623907529,73.89196795766347,0.10330556691056358,[39.9949421   6.01457855],[39.37949933  3.43889038],[40.79722869  9.6467529 ],"[array([[78.18449786, 39.20471429, 16.14250774]]), 0.011884890676853388]","[0, 0.008200751333034835]","['rbf.variance', 'rbf.lengthscale', 'Gaussian_noise.variance']","[8.29430264e+03 3.44108456e+01 3.55535732e+01 6.66666667e+01
 2.50050000e+00]",1
26,[38.33353606],True,73.67028975739794,73.89196795766347,0.2216782002655293,[40.00434772  6.03919332],[39.12605018  3.758598  ],[40.82176564  9.38249403],"[array([[54.67729595, 39.97393863,  4.46644613]]), 0.0020345070480090044]","[0, 0.024766570212024334]","['rbf.variance', 'rbf.lengthscale', 'Gaussian_noise.variance']","[8.81232384e+03 3.80494495e+01 3.51001695e+01 6.66666667e+01
 2.50050000e+00]",1
27,[38.40448803],True,73.70468339895811,73.89196795766347,0.18728455870535754,[40.02335799  5.89082495],[39.23356165  3.24022425],[40.79025662  9.55911456],"[array([[52.47613077, 39.86761937,  4.81154023]]), 0.0035770624874160717]","[0, 0.011700264346637809]","['rbf.variance', 'rbf.lengthscale', 'Gaussian_noise.variance']","[8.81229867e+03 3.80495225e+01 3.51000725e+01 6.66666667e+01
 2.50050000e+00]",1
28,[38.50494784],True,73.7485530505012,73.89196795766347,0.143414907162267,[40.04567139  5.63606802],[39.2613823   3.23737287],[40.76610508  9.15239408],"[array([[53.39903903, 39.2613823 ,  5.07022259]]), 0.00505023260640769]","[0, 0.010826705207466997]","['rbf.variance', 'rbf.lengthscale', 'Gaussian_noise.variance']","[8.81230331e+03 3.80495129e+01 3.51001328e+01 6.66666667e+01
 2.50050000e+00]",1
29,[38.80802821],True,73.84601828650462,73.89196795766347,0.0459496711588514,[40.16756527  5.17197716],[39.30431847  3.37385943],[40.85153302  7.95137824],"[array([[54.63180777, 40.0047409 ,  3.3442865 ]]), 0.012046622092597659]","[0, 0.018413024299744642]","['rbf.variance', 'rbf.lengthscale', 'Gaussian_noise.variance']","[8.81229804e+03 3.80495142e+01 3.51001157e+01 6.66666667e+01
 2.50050000e+00]",1
30,[38.56187866],True,73.7708943655324,73.89196795766347,0.12107359213106861,[40.00869329  5.18727041],[39.15652129  3.17544546],[40.73550963  8.2807744 ],"[array([[57.83324053, 39.33640233,  5.93223716]]), 0.003356593112151529]","[0, 0.03287197441042151]","['rbf.variance', 'rbf.lengthscale', 'Gaussian_noise.variance']","[8.81263005e+03 3.80499369e+01 3.50991692e+01 6.66666667e+01
 2.50050000e+00]",1
31,[38.62023229],True,73.7918712571813,73.89196795766347,0.1000967004821689,[40.06487489  5.29294173],[39.42397868  3.1696312 ],[40.6969093   7.79374059],"[array([[56.66763354, 40.1513454 ,  5.47630575]]), 0.004372273013601102]","[0, 0.011849712796556605]","['rbf.variance', 'rbf.lengthscale', 'Gaussian_noise.variance']","[8.81230305e+03 3.80495122e+01 3.51001377e+01 6.66666667e+01
 2.50050000e+00]",1
32,[38.11699015],True,73.54834198887907,73.89196795766347,0.34362596878439433,[39.83244634  5.86983744],[38.94350404  3.91149004],[40.6495466   9.40283805],"[array([[52.19284004, 38.74243351,  3.63163813]]), 0.002122614164619563]","[0, 0.017949135025583006]","['rbf.variance', 'rbf.lengthscale', 'Gaussian_noise.variance']","[8.81230326e+03 3.80495113e+01 3.51001299e+01 6.66666667e+01
 2.50050000e+00]",1
33,[38.19282098],False,73.59392053138193,73.89196795766347,0.298047426281542,[39.86321261  5.75176314],[39.11067845  3.65893587],[40.60735147  8.32559543],"[array([[51.77457737, 38.64137654,  3.77201787]]), 0.011670354046060538]","[0, 0.009070230994635322]","['rbf.variance', 'rbf.lengthscale', 'Gaussian_noise.variance']","[8.81229885e+03 3.80495080e+01 3.51001329e+01 6.66666667e+01
 2.50050000e+00]",1
34,[37.29655553],True,72.87051937263575,73.89196795766347,1.0214485850277129,[39.85192548  5.77934574],[39.16555505  3.71489485],[40.44726028  8.24832058],"[array([[37.39881733, 23.29440403, 10.97479303]]), 0.0011066801422927597]","[0, 0.008951436613426891]","['rbf.variance', 'rbf.lengthscale', 'Gaussian_noise.variance']","[8.46225380e+03 3.76169802e+01 3.50998336e+01 6.66666667e+01
 2.50050000e+00]",1
35,[36.92168167],True,72.45883075752859,73.89196795766347,1.4331372001348797,[39.70419068  6.71450593],[39.0187911   4.77305475],[40.39133783  9.77181375],"[array([[20.32589902, 41.98824116,  7.83630015]]), 0.0029440758395580247]","[0, 0.016820215667960617]","['rbf.variance', 'rbf.lengthscale', 'Gaussian_noise.variance']","[8.46225981e+03 3.76170378e+01 3.50998499e+01 6.66666667e+01
 2.50050000e+00]",1
36,[36.95524017],True,72.49802229814199,73.89196795766347,1.3939456595214779,[39.77020431  7.09763678],[39.14052537  4.54106981],[40.62138288 10.84763328],"[array([[19.76604958, 41.99437437,  8.55668557]]), 0.0021995692014655788]","[0, 0.012164278171006586]","['rbf.variance', 'rbf.lengthscale', 'Gaussian_noise.variance']","[8.46224962e+03 3.76170051e+01 3.50998519e+01 6.66666667e+01
 2.50050000e+00]",1
37,[36.89508301],True,72.42745487107263,73.89196795766347,1.4645130865908413,[39.68418783  6.69674276],[38.96490045  4.31682418],[40.34829244  9.86764226],"[array([[20.08720099, 41.64464119,  7.70402428]]), 0.008618030305612479]","[0, 0.014497446082553694]","['rbf.variance', 'rbf.lengthscale', 'Gaussian_noise.variance']","[8.46225287e+03 3.76170414e+01 3.50998647e+01 6.66666667e+01
 2.50050000e+00]",1
38,[36.94385425],False,72.48477447497697,73.89196795766347,1.4071934826864947,[39.70083789  6.5542136 ],[38.96035866  4.13561482],[40.45300093  9.71721573],"[array([[18.2768204 , 39.38540811,  7.30798154]]), 0.018675881987526566]","[0, 0.012887561542911423]","['rbf.variance', 'rbf.lengthscale', 'Gaussian_noise.variance']","[8.46224037e+03 3.76170033e+01 3.50998291e+01 6.66666667e+01
 2.50050000e+00]",1
39,[37.10964253],True,72.67253730774206,73.89196795766347,1.2194306499214065,[39.69118035  6.63705322],[39.0395632   4.54998791],[40.42295769 10.13577644],"[array([[81.12562389, 41.30420439,  7.47906996]]), 0.0019915542027320043]","[0, 0.018084678627182178]","['rbf.variance', 'rbf.lengthscale', 'Gaussian_noise.variance']","[8.40661691e+03 3.72545630e+01 3.51734664e+01 6.66666667e+01
 2.50050000e+00]",1
40,[36.65112187],True,72.12707858669837,73.89196795766347,1.7648893709650935,[39.42858468  7.19369633],[38.74168796  4.4920289 ],[40.08683753 10.8489997 ],"[array([[79.75240674, 39.68241137,  7.30966185]]), 0.0008608691476723607]","[0, 0.006470160995295902]","['rbf.variance', 'rbf.lengthscale', 'Gaussian_noise.variance']","[8.40661782e+03 3.72545125e+01 3.51735074e+01 6.66666667e+01
 2.50050000e+00]",1
41,[36.67430383],True,72.15656900363302,73.89196795766347,1.735398954030444,[39.47695159  7.47549864],[38.77330159  4.99927294],[40.18933507 10.73142281],"[array([[36.93110871, 40.1240283 ,  7.73800831]]), 0.00027095515639530277]","[0, 0.010987780084519165]","['rbf.variance', 'rbf.lengthscale', 'Gaussian_noise.variance']","[8.40662010e+03 3.72545673e+01 3.51734660e+01 6.66666667e+01
 2.50050000e+00]",1
42,[36.64765873],True,72.12265629868546,73.89196795766347,1.7693116589780118,[39.41334286  7.08051867],[38.80447393  4.73465934],[40.00187287 10.16389177],"[array([[80.21083874, 40.08180385,  7.39337732]]), 0.0035278997994012684]","[0, 0.006381622536204631]","['rbf.variance', 'rbf.lengthscale', 'Gaussian_noise.variance']","[8.40662211e+03 3.72545855e+01 3.51734749e+01 6.66666667e+01
 2.50050000e+00]",1
43,[36.74193825],True,72.2414899087323,73.89196795766347,1.6504780489311628,[39.49091013  7.17380199],[38.97597882  4.71681521],[40.05236289 10.44817224],"[array([[36.53579002, 34.95727958,  7.02932311]]), 0.0018616028312692379]","[0, 0.007317691719601435]","['rbf.variance', 'rbf.lengthscale', 'Gaussian_noise.variance']","[8.40662497e+03 3.72545879e+01 3.51734609e+01 6.66666667e+01
 2.50050000e+00]",1
44,[36.74968161],True,72.25110464122783,73.89196795766347,1.6408633164356417,[39.47353852  6.97458139],[38.82341163  4.97261398],[40.18625932 10.29225622],"[array([[78.22933283, 41.74988603,  6.36607424]]), 0.003986773119947884]","[0, 0.009614688049377986]","['rbf.variance', 'rbf.lengthscale', 'Gaussian_noise.variance']","[8.40662451e+03 3.72545503e+01 3.51735159e+01 6.66666667e+01
 2.50050000e+00]",1
45,[36.81160392],True,72.32719142647889,73.89196795766347,1.5647765311845774,[39.62529324  7.92895747],[38.89596201  5.22492596],[40.31234345 11.22470542],"[array([[77.84300515, 42.31649473,  5.92632866]]), 0.0030430264998315693]","[0, 0.0166952982245757]","['rbf.variance', 'rbf.lengthscale', 'Gaussian_noise.variance']","[8.40661628e+03 3.72545482e+01 3.51734624e+01 6.66666667e+01
 2.50050000e+00]",1
46,[36.96721425],True,72.51189949740348,73.89196795766347,1.3800684602599915,[39.73999641  7.99162488],[38.830438    5.31332082],[40.49746068 11.37081747],"[array([[77.67528049, 42.13033162,  5.83507307]]), 0.008881737818590807]","[0, 0.015332398871609218]","['rbf.variance', 'rbf.lengthscale', 'Gaussian_noise.variance']","[8.40662908e+03 3.72545822e+01 3.51734498e+01 6.66666667e+01
 2.50050000e+00]",1
47,[36.94978845],False,72.49168529420587,73.89196795766347,1.4002826634576024,[39.75993044  8.28081209],[39.13165512  5.58885412],[40.4235146  11.54204381],"[array([[77.16211212, 42.28117433,  5.50669929]]), 0.008704261250848333]","[0, 0.007677552999288242]","['rbf.variance', 'rbf.lengthscale', 'Gaussian_noise.variance']","[8.40662169e+03 3.72545746e+01 3.51734605e+01 6.66666667e+01
 2.50050000e+00]",1
48,[37.11305801],True,72.67628786838333,73.89196795766347,1.2156800892801414,[39.59805751  8.03599046],[38.984779    5.57964372],[40.26243953 11.02514775],"[array([[20.84513819, 39.64306528,  9.054572  ]]), 0.002901403202550057]","[0, 0.008520241624068847]","['rbf.variance', 'rbf.lengthscale', 'Gaussian_noise.variance']","[8.63453753e+03 3.84874685e+01 3.62787447e+01 6.66666667e+01
 2.50050000e+00]",1
49,[37.19313917],True,72.76282040163902,73.89196795766347,1.1291475560244493,[39.65612843  7.9510225 ],[38.87712997  5.32527295],[40.29392818 11.48978521],"[array([[22.91073811, 39.68021911,  7.46777736]]), 5.873070897166599e-05]","[0, 0.007901742674243891]","['rbf.variance', 'rbf.lengthscale', 'Gaussian_noise.variance']","[8.63454134e+03 3.84874537e+01 3.62787585e+01 6.66666667e+01
 2.50050000e+00]",1
50,[37.33948683],True,72.91385509490881,73.89196795766347,0.9781128627546565,[39.76238871  7.81734984],[39.20060307  5.22741213],[40.33167206 11.03045657],"[array([[24.40320006, 39.40485481,  9.5340029 ]]), 0.004480791939293738]","[0, 0.00938580033430155]","['rbf.variance', 'rbf.lengthscale', 'Gaussian_noise.variance']","[8.63453920e+03 3.84874555e+01 3.62787367e+01 6.66666667e+01
 2.50050000e+00]",1
51,[37.35722707],True,72.93152298256193,73.89196795766347,0.960444975101538,[39.74796275  7.34255642],[39.03412681  5.12470497],[40.41589857 10.14680019],"[array([[24.37072665, 39.47997305,  7.35313795]]), 0.0009211006907889896]","[0, 0.0074271584362334]","['rbf.variance', 'rbf.lengthscale', 'Gaussian_noise.variance']","[8.63453354e+03 3.84874691e+01 3.62787331e+01 6.66666667e+01
 2.50050000e+00]",1
52,[37.39071369],True,72.96448823547847,73.89196795766347,0.927479722184998,[39.78066729  7.44922829],[39.15702406  5.44601672],[40.50456043 10.42946265],"[array([[26.66789749, 39.36372813,  7.0772285 ]]), 0.0001401000664245089]","[0, 0.010821212440908012]","['rbf.variance', 'rbf.lengthscale', 'Gaussian_noise.variance']","[8.63453285e+03 3.84874785e+01 3.62787469e+01 6.66666667e+01
 2.50050000e+00]",1
53,[37.34216882],True,72.91653518388947,73.89196795766347,0.9754327737740027,[39.72959779  7.23141523],[38.95430376  4.91385129],[40.46586725 10.16879792],"[array([[22.37960148, 39.46371577,  6.51259446]]), 1.311294251848949e-05]","[0, 0.011840703695183466]","['rbf.variance', 'rbf.lengthscale', 'Gaussian_noise.variance']","[8.63454075e+03 3.84874744e+01 3.62787446e+01 6.66666667e+01
 2.50050000e+00]",1
54,[37.45436109],True,73.02575501456211,73.89196795766347,0.8662129431013597,[39.8243497   7.32904436],[39.1713423   4.75449554],[40.50645583 10.17332757],"[array([[52.83253186, 40.34367501,  6.91586851]]), 4.687711282258533e-06]","[0, 0.011898045148849732]","['rbf.variance', 'rbf.lengthscale', 'Gaussian_noise.variance']","[8.63453286e+03 3.84874646e+01 3.62787186e+01 6.66666667e+01
 2.50050000e+00]",1
55,[37.52565865],True,73.09218258864497,73.89196795766347,0.799785369018494,[39.87334702  7.20313779],[39.13935078  5.36989376],[40.5498074   9.44515694],"[array([[37.80257663, 39.13935078,  8.82753256]]), 2.147249084316627e-05]","[0, 0.02498660230958778]","['rbf.variance', 'rbf.lengthscale', 'Gaussian_noise.variance']","[8.63452372e+03 3.84874620e+01 3.62787008e+01 6.66666667e+01
 2.50050000e+00]",1
56,[37.40602524],True,72.97939349053972,73.89196795766347,0.912574467123747,[39.82155156  7.93650527],[39.24639359  5.48948924],[40.5401091  10.88249728],"[array([[24.37807026, 39.48803015,  8.61533824]]), 0.005983473363976088]","[0, 0.010668635252835009]","['rbf.variance', 'rbf.lengthscale', 'Gaussian_noise.variance']","[8.63453602e+03 3.84874698e+01 3.62787342e+01 6.66666667e+01
 2.50050000e+00]",1
57,[37.30053024],True,72.87456590890723,73.89196795766347,1.0174020487562387,[39.71493433  7.54262206],[39.10352761  5.53148238],[40.38305169 10.67192892],"[array([[23.46407885, 39.59515773,  7.01462653]]), 0.0014018668458177785]","[0, 0.022590821062372868]","['rbf.variance', 'rbf.lengthscale', 'Gaussian_noise.variance']","[8.63452659e+03 3.84873632e+01 3.62788440e+01 6.66666667e+01
 2.50050000e+00]",1
58,[37.41460585],True,72.98770041704182,73.89196795766347,0.904267540621646,[39.81415969  7.69898488],[39.13290216  5.66767117],[40.43385118 11.35399105],"[array([[23.14618069, 40.43385118,  9.87959124]]), 0.0005986027233504387]","[0, 0.008048671853798565]","['rbf.variance', 'rbf.lengthscale', 'Gaussian_noise.variance']","[8.63456515e+03 3.84874864e+01 3.62787976e+01 6.66666667e+01
 2.50050000e+00]",1
59,[37.42730459],True,72.99993443803787,73.89196795766347,0.8920335196255991,[39.81790164  7.59195973],[39.22895315  5.62080223],[40.52203194  9.89311609],"[array([[37.58994667, 40.59563233,  6.82510707]]), 0.0005688120798623686]","[0, 0.01076185110729014]","['rbf.variance', 'rbf.lengthscale', 'Gaussian_noise.variance']","[8.63453567e+03 3.84874754e+01 3.62787372e+01 6.66666667e+01
 2.50050000e+00]",1
60,[37.45045203],True,73.02204515921957,73.89196795766347,0.8699227984438949,[39.80866515  7.11907907],[39.23754406  4.97306343],[40.42471547  9.87371416],"[array([[25.60636653, 40.42471547,  7.3646917 ]]), 0.00031750566398613955]","[0, 0.013751464702680339]","['rbf.variance', 'rbf.lengthscale', 'Gaussian_noise.variance']","[8.63452348e+03 3.84874763e+01 3.62787344e+01 6.66666667e+01
 2.50050000e+00]",1
61,[37.23220161],True,72.80404411410694,73.89196795766347,1.0879238435565242,[39.6868135  7.9628321],[39.12339544  5.7686585 ],[40.2892113  11.24279761],"[array([[22.62063269, 40.09221333,  8.7493758 ]]), 0.00022330097566225504]","[0, 0.008727188346871516]","['rbf.variance', 'rbf.lengthscale', 'Gaussian_noise.variance']","[8.63456294e+03 3.84874922e+01 3.62790201e+01 6.66666667e+01
 2.50050000e+00]",1
62,[37.3135748],True,72.88779705427405,73.89196795766347,1.0041709033894222,[39.7544944   8.02539564],[39.20926186  5.993031  ],[40.28400884 10.77426301],"[array([[27.39562295, 40.3925906 ,  8.36566944]]), 0.004434760800180015]","[0, 0.007462957612269035]","['rbf.variance', 'rbf.lengthscale', 'Gaussian_noise.variance']","[8.63453816e+03 3.84874768e+01 3.62787402e+01 6.66666667e+01
 2.50050000e+00]",1
63,[37.22467027],True,72.79614726065608,73.89196795766347,1.0958206970073832,[39.70295362  8.32164566],[39.09097555  6.20718576],[40.46047967 10.58305436],"[array([[27.10721753, 40.60775753,  9.62492598]]), 0.006415345991250376]","[0, 0.009077591083025796]","['rbf.variance', 'rbf.lengthscale', 'Gaussian_noise.variance']","[8.63453113e+03 3.84874889e+01 3.62787402e+01 6.66666667e+01
 2.50050000e+00]",1
64,[37.28117335],True,72.85479362814868,73.89196795766347,1.0371743295147837,[39.74614207  8.3030977 ],[39.21201135  5.88150237],[40.31065976 10.58645328],"[array([[53.21660873, 39.97668205,  7.48573711]]), 0.0006827852253934452]","[0, 0.008572817950828334]","['rbf.variance', 'rbf.lengthscale', 'Gaussian_noise.variance']","[8.63454110e+03 3.84874813e+01 3.62787388e+01 6.66666667e+01
 2.50050000e+00]",1
65,[37.16717806],True,72.73506299274662,73.89196795766347,1.1569049649168477,[39.63419921  7.9369275 ],[38.97654995  5.83028476],[40.24239965 10.41801001],"[array([[53.76672222, 39.84655644,  6.92237303]]), 0.0021242204071256765]","[0, 0.008996098586276596]","['rbf.variance', 'rbf.lengthscale', 'Gaussian_noise.variance']","[8.63455808e+03 3.84874600e+01 3.62788855e+01 6.66666667e+01
 2.50050000e+00]",1
66,[37.27387495],True,72.84729621647566,73.89196795766347,1.0446717411878126,[39.72421596  8.03619983],[39.09387565  5.81426674],[40.19972727 10.74693507],"[array([[51.89149776, 39.55910449,  7.59186045]]), 1.0067598310570247e-07]","[0, 0.007345147767406844]","['rbf.variance', 'rbf.lengthscale', 'Gaussian_noise.variance']","[8.63450647e+03 3.84875171e+01 3.62786422e+01 6.66666667e+01
 2.50050000e+00]",1
67,[37.29871572],True,72.87271948173698,73.89196795766347,1.0192484759264886,[39.75249318  8.18891161],[39.11403596  6.04284629],[40.31683457 11.11822038],"[array([[27.38278607, 39.48035503,  8.64624491]]), 3.6788922770369936e-06]","[0, 0.010932976150088636]","['rbf.variance', 'rbf.lengthscale', 'Gaussian_noise.variance']","[8.63454994e+03 3.84874834e+01 3.62787525e+01 6.66666667e+01
 2.50050000e+00]",1
68,[37.27941449],True,72.85298894777802,73.89196795766347,1.0389790098854519,[39.72219383  7.93523982],[39.20069199  5.7446581 ],[40.25747842 10.22759865],"[array([[21.32154055, 39.82039925,  9.99306926]]), 0.0009067022905284716]","[0, 0.006572118093803812]","['rbf.variance', 'rbf.lengthscale', 'Gaussian_noise.variance']","[8.63453670e+03 3.84874726e+01 3.62787409e+01 6.66666667e+01
 2.50050000e+00]",1
69,[37.44007808],True,73.01216608582615,73.89196795766347,0.8798018718373157,[39.88912428  8.64177705],[39.30526778  6.3823658 ],[40.4346129  11.44072963],"[array([[18.86355027, 40.45410745, 11.26978042]]), 5.570956428613272e-05]","[0, 0.007266239278672501]","['rbf.variance', 'rbf.lengthscale', 'Gaussian_noise.variance']","[8.63453671e+03 3.84874756e+01 3.62787455e+01 6.66666667e+01
 2.50050000e+00]",1
70,[37.37380243],True,72.94790363963187,73.89196795766347,0.9440643180315931,[39.830118    8.51088516],[39.30154495  6.556708  ],[40.46978559 11.06188679],"[array([[23.55427507, 39.46522214,  9.72139138]]), 0.004385053658083393]","[0, 0.009900083393108095]","['rbf.variance', 'rbf.lengthscale', 'Gaussian_noise.variance']","[8.63453464e+03 3.84874816e+01 3.62787244e+01 6.66666667e+01
 2.50050000e+00]",1
71,[37.43377179],True,73.00613670649116,73.89196795766347,0.8858312511723057,[39.87201508  8.43806055],[39.44080149  6.34513342],[40.41309834 10.72273582],"[array([[24.08908156, 39.78719112,  8.79849194]]), 0.000339343536559511]","[0, 0.006284857825628107]","['rbf.variance', 'rbf.lengthscale', 'Gaussian_noise.variance']","[8.63455894e+03 3.84875260e+01 3.62786855e+01 6.66666667e+01
 2.50050000e+00]",1
72,[37.49047962],True,73.0596985136541,73.89196795766347,0.8322694440093699,[39.90532584  8.25540575],[39.27286344  6.11265798],[40.49740505 10.52111854],"[array([[27.03247577, 39.81805916,  8.11354699]]), 1.0616697231569105e-05]","[0, 0.007967404418249122]","['rbf.variance', 'rbf.lengthscale', 'Gaussian_noise.variance']","[8.63453008e+03 3.84875157e+01 3.62787124e+01 6.66666667e+01
 2.50050000e+00]",1
73,[37.41717452],True,72.99018093411144,73.89196795766347,0.901787023552032,[39.84921047  8.26265356],[39.34481665  6.13621687],[40.48806091 10.70319348],"[array([[23.51729227, 39.69224429, 10.66619594]]), 2.897034107718355e-06]","[0, 0.008568736895764633]","['rbf.variance', 'rbf.lengthscale', 'Gaussian_noise.variance']","[8.63454055e+03 3.84874745e+01 3.62787524e+01 6.66666667e+01
 2.50050000e+00]",1
74,[37.50621498],True,73.07429919243116,73.89196795766347,0.8176687652323125,[39.92465391  8.37706904],[39.17879116  6.19931797],[40.61413331 11.38503395],"[array([[25.44979494, 39.87605569,  8.33225828]]), 7.155302014894005e-06]","[0, 0.021797473585042054]","['rbf.variance', 'rbf.lengthscale', 'Gaussian_noise.variance']","[8.63453434e+03 3.84874744e+01 3.62787366e+01 6.66666667e+01
 2.50050000e+00]",1
75,[37.47427905],True,73.04454785875629,73.89196795766347,0.847420098907179,[39.88556112  8.12755124],[39.31173911  6.32649273],[40.41361852 10.94029136],"[array([[21.05417602, 39.6145468 ,  8.26833203]]), 1.1113507625282182e-06]","[0, 0.005599905659228342]","['rbf.variance', 'rbf.lengthscale', 'Gaussian_noise.variance']","[8.63455338e+03 3.84874429e+01 3.62787897e+01 6.66666667e+01
 2.50050000e+00]",1
76,[37.38867935],True,72.96249995929469,73.89196795766347,0.9294679983687786,[39.83227594  8.34947343],[39.28251091  6.18690637],[40.42605861 11.79714433],"[array([[36.90417821, 40.1487719 , 12.05468664]]), 0.0006166160178580071]","[0, 0.005347449889816309]","['rbf.variance', 'rbf.lengthscale', 'Gaussian_noise.variance']","[8.63451913e+03 3.84874540e+01 3.62787397e+01 6.66666667e+01
 2.50050000e+00]",1
77,[37.36873446],True,72.94290846401167,73.89196795766347,0.9490594936518022,[39.80998864  8.23834298],[39.2564765   6.34516664],[40.44878538 10.21765909],"[array([[21.07399457, 40.00636384,  9.26915136]]), 0.00011670446566824921]","[0, 0.006827363128348653]","['rbf.variance', 'rbf.lengthscale', 'Gaussian_noise.variance']","[8.63452936e+03 3.84874523e+01 3.62787356e+01 6.66666667e+01
 2.50050000e+00]",1
78,[37.29967649],True,72.87369733369674,73.89196795766347,1.0182706239667283,[39.7672423   8.42042946],[39.14813479  6.51993343],[40.24208554 10.55543643],"[array([[23.40035916, 39.52509496, 10.76405722]]), 0.0003154046243736275]","[0, 0.009666036994751225]","['rbf.variance', 'rbf.lengthscale', 'Gaussian_noise.variance']","[8.63453996e+03 3.84874659e+01 3.62787522e+01 6.66666667e+01
 2.50050000e+00]",1
79,[37.4077426],True,72.981058671374,73.89196795766347,0.910909286289467,[39.85036395  8.40860103],[39.33518588  6.20669813],[40.37179792 10.96782441],"[array([[23.15510712, 40.11149667,  8.69018966]]), 0.004331713446497076]","[0, 0.007693533779831134]","['rbf.variance', 'rbf.lengthscale', 'Gaussian_noise.variance']","[8.63455672e+03 3.84874859e+01 3.62787480e+01 6.66666667e+01
 2.50050000e+00]",1
80,[37.34387869],True,72.91824211921113,73.89196795766347,0.9737258384523386,[39.7709891   7.91249845],[39.22902387  6.20044558],[40.32395787  9.76633943],"[array([[22.97218872, 40.39156203,  8.2534851 ]]), 1.494807022339728e-05]","[0, 0.007449758123737347]","['rbf.variance', 'rbf.lengthscale', 'Gaussian_noise.variance']","[8.63453458e+03 3.84874701e+01 3.62787434e+01 6.66666667e+01
 2.50050000e+00]",1
81,[37.36695351],True,72.94115030700556,73.89196795766347,0.9508176506579105,[39.83915511  8.74648404],[39.31617941  6.74792234],[40.40361438 11.30185021],"[array([[21.96264273, 39.98968994, 10.04547787]]), 0.0001362666037820759]","[0, 0.008242646154511092]","['rbf.variance', 'rbf.lengthscale', 'Gaussian_noise.variance']","[8.63454303e+03 3.84874849e+01 3.62787490e+01 6.66666667e+01
 2.50050000e+00]",1
82,[37.51302914],True,73.08058650382239,73.89196795766347,0.8113814538410793,[39.91968941  8.20019088],[39.49641863  6.08212707],[40.40332212 10.2973103 ],"[array([[25.68215928, 39.56661368,  7.06678605]]), 2.425006551476372e-05]","[0, 0.009362585941498663]","['rbf.variance', 'rbf.lengthscale', 'Gaussian_noise.variance']","[8.63453684e+03 3.84874723e+01 3.62787415e+01 6.66666667e+01
 2.50050000e+00]",1
83,[37.49025079],True,73.05948534079113,73.89196795766347,0.8324826168723405,[39.9019079   8.19926697],[39.31573314  6.44084108],[40.4100349  10.27576461],"[array([[24.14214861, 40.31084921,  8.66838944]]), 0.001229787577948116]","[0, 0.009196448007266789]","['rbf.variance', 'rbf.lengthscale', 'Gaussian_noise.variance']","[8.63453630e+03 3.84874809e+01 3.62787536e+01 6.66666667e+01
 2.50050000e+00]",1
84,[37.41763128],True,72.9906217088116,73.89196795766347,0.9013462488518655,[39.85070806  8.28491846],[39.43830046  6.36940268],[40.32642154 10.55378061],"[array([[23.76259757, 40.17446621, 11.38738979]]), 2.237808430294308e-05]","[0, 0.006235585956053475]","['rbf.variance', 'rbf.lengthscale', 'Gaussian_noise.variance']","[8.63452762e+03 3.84874803e+01 3.62786833e+01 6.66666667e+01
 2.50050000e+00]",1
85,[37.48383314],True,73.05349713389651,73.89196795766347,0.8384708237669543,[39.88407608  7.97402189],[39.37494645  6.12451645],[40.40287588 10.26812154],"[array([[24.42916962, 40.27587302,  8.06924595]]), 1.6692646930493993e-05]","[0, 0.009571911645618453]","['rbf.variance', 'rbf.lengthscale', 'Gaussian_noise.variance']","[8.63457629e+03 3.84874760e+01 3.62788072e+01 6.66666667e+01
 2.50050000e+00]",1
86,[37.42139863],True,72.99425368429105,73.89196795766347,0.897714273372415,[39.83537179  7.97300551],[39.24198617  5.83934842],[40.32385214 10.54862721],"[array([[55.92983042, 40.20662083,  8.22369143]]), 5.898219151134754e-05]","[0, 0.007248092173519816]","['rbf.variance', 'rbf.lengthscale', 'Gaussian_noise.variance']","[8.63446818e+03 3.84874519e+01 3.62786745e+01 6.66666667e+01
 2.50050000e+00]",1
87,[37.48083831],True,73.05069637097185,73.89196795766347,0.8412715866916187,[39.89129847  8.13936834],[39.37375891  5.76638998],[40.43797595 10.31908139],"[array([[25.96706229, 39.71617827,  9.40903393]]), 0.0005084331288429667]","[0, 0.006600313065806176]","['rbf.variance', 'rbf.lengthscale', 'Gaussian_noise.variance']","[8.63453199e+03 3.84874712e+01 3.62787329e+01 6.66666667e+01
 2.50050000e+00]",1
88,[37.45329595],True,73.0247448317422,73.89196795766347,0.8672231259212708,[39.85754535  7.92768816],[39.36028027  5.99621061],[40.38424467 10.09283996],"[array([[23.69138448, 40.11472336,  8.55916286]]), 0.0010253169909191229]","[0, 0.01260498030566969]","['rbf.variance', 'rbf.lengthscale', 'Gaussian_noise.variance']","[8.63453311e+03 3.84874758e+01 3.62787356e+01 6.66666667e+01
 2.50050000e+00]",1
89,[37.50274278],True,73.07108717857383,73.89196795766347,0.8208807790896344,[39.90141774  8.01983423],[39.49396634  5.66026132],[40.44741629 10.70906567],"[array([[25.81136081, 39.73117927,  7.25263759]]), 0.002937175114354318]","[0, 0.007723401431046467]","['rbf.variance', 'rbf.lengthscale', 'Gaussian_noise.variance']","[8.63450647e+03 3.84874978e+01 3.62787294e+01 6.66666667e+01
 2.50050000e+00]",1
